week_id,week_label,rule_name,rule_run_id,evaluator_id,evaluator_name,evaluator_state,issue_code,workload_limit,assignments_received,context_note
23,"Mar 2-8","Billing QA",199,25,"Evaluator 25",active,,22,14,
23,"Mar 2-8","Billing QA",199,26,"Evaluator 26",at_risk,EVALUATOR_UNAVAILABLE,23,21,"Time off for 3 days in the week."
23,"Mar 2-8","Billing QA",199,27,"Evaluator 27",active,,24,21,
23,"Mar 2-8","Billing QA",199,28,"Evaluator 28",active,,25,21,
23,"Mar 2-8","Card Disputes QA",200,29,"Evaluator 29",active,,23,17,
23,"Mar 2-8","Card Disputes QA",200,30,"Evaluator 30",active,,24,17,
23,"Mar 2-8","Card Disputes QA",200,31,"Evaluator 31",active,,25,17,
23,"Mar 2-8","Card Disputes QA",200,32,"Evaluator 32",at_risk,EVALUATOR_UNAVAILABLE,20,18,"Time off for 1 days in the week."
23,"Mar 2-8","Card Disputes QA",200,39,"Evaluator 39",at_risk,EVALUATOR_UNAVAILABLE,23,21,"Time off for 2 days in the week."
23,"Mar 2-8","Claims Exception Queue",201,21,"Evaluator 21",active,,21,18,
23,"Mar 2-8","Claims Exception Queue",201,22,"Evaluator 22",idle,ALL_EVALUATORS_AT_CAPACITY,22,0,"Workload limit reached for this evaluator in this rule run."
23,"Mar 2-8","Claims Exception Queue",201,23,"Evaluator 23",active,,23,18,
23,"Mar 2-8","Claims Exception Queue",201,24,"Evaluator 24",active,,24,18,
23,"Mar 2-8","Escalation Sweep - Weekend Priority",202,17,"Evaluator 17",active,,20,15,
23,"Mar 2-8","Escalation Sweep - Weekend Priority",202,18,"Evaluator 18",active,,21,15,
23,"Mar 2-8","Escalation Sweep - Weekend Priority",202,19,"Evaluator 19",active,,22,15,
23,"Mar 2-8","Escalation Sweep - Weekend Priority",202,20,"Evaluator 20",active,,23,15,
23,"Mar 2-8","Escalation Sweep - Weekend Priority",202,38,"Evaluator 38",active,,25,20,
23,"Mar 2-8","Legacy Escalation QA",203,1,"Evaluator 01",active,,22,16,
23,"Mar 2-8","Legacy Escalation QA",203,2,"Evaluator 02",active,,23,16,
23,"Mar 2-8","Legacy Escalation QA",203,3,"Evaluator 03",active,,24,16,
23,"Mar 2-8","Legacy Escalation QA",203,4,"Evaluator 04",at_risk,EVALUATOR_UNAVAILABLE,25,23,"Time off for 2 days in the week."
23,"Mar 2-8","Mortgage Queue",204,5,"Evaluator 05",active,,23,19,
23,"Mar 2-8","Mortgage Queue",204,6,"Evaluator 06",active,,24,19,
23,"Mar 2-8","Mortgage Queue",204,7,"Evaluator 07",active,,25,19,
23,"Mar 2-8","Mortgage Queue",204,8,"Evaluator 08",active,,20,13,
23,"Mar 2-8","Mortgage Queue",204,37,"Evaluator 37",active,,24,16,
23,"Mar 2-8","Onboarding Calls QA",205,33,"Evaluator 33",active,,24,20,
23,"Mar 2-8","Onboarding Calls QA",205,34,"Evaluator 34",active,,25,20,
23,"Mar 2-8","Onboarding Calls QA",205,35,"Evaluator 35",active,,20,14,
23,"Mar 2-8","Onboarding Calls QA",205,36,"Evaluator 36",idle,ALL_EVALUATORS_AT_CAPACITY,21,0,"Workload limit reached for this evaluator in this rule run."
23,"Mar 2-8","Renewals - TL Review Batch",206,9,"Evaluator 09",at_risk,EVALUATOR_UNAVAILABLE,24,22,"Time off for 3 days in the week."
23,"Mar 2-8","Renewals - TL Review Batch",206,10,"Evaluator 10",active,,25,22,
23,"Mar 2-8","Renewals - TL Review Batch",206,11,"Evaluator 11",active,,20,16,
23,"Mar 2-8","Renewals - TL Review Batch",206,12,"Evaluator 12",active,,21,16,
23,"Mar 2-8","Savings Product - QA Rotation",207,13,"Evaluator 13",active,,25,18,
23,"Mar 2-8","Savings Product - QA Rotation",207,14,"Evaluator 14",active,,20,12,
23,"Mar 2-8","Savings Product - QA Rotation",207,15,"Evaluator 15",at_risk,EVALUATOR_UNAVAILABLE,21,19,"Time off for 1 days in the week."
23,"Mar 2-8","Savings Product - QA Rotation",207,16,"Evaluator 16",active,,22,19,
22,"Feb 23-Mar 1","Billing QA",190,25,"Evaluator 25",active,,22,19,
22,"Feb 23-Mar 1","Billing QA",190,26,"Evaluator 26",active,,23,23,
22,"Feb 23-Mar 1","Billing QA",190,27,"Evaluator 27",active,,24,23,
22,"Feb 23-Mar 1","Billing QA",190,28,"Evaluator 28",active,,25,23,
22,"Feb 23-Mar 1","Card Disputes QA",191,29,"Evaluator 29",active,,23,20,
22,"Feb 23-Mar 1","Card Disputes QA",191,30,"Evaluator 30",active,,24,24,
22,"Feb 23-Mar 1","Card Disputes QA",191,31,"Evaluator 31",active,,25,24,
22,"Feb 23-Mar 1","Card Disputes QA",191,32,"Evaluator 32",active,,20,18,
22,"Feb 23-Mar 1","Card Disputes QA",191,39,"Evaluator 39",active,,23,22,
22,"Feb 23-Mar 1","Claims Exception Queue",192,21,"Evaluator 21",active,,21,19,
22,"Feb 23-Mar 1","Claims Exception Queue",192,22,"Evaluator 22",active,,22,19,
22,"Feb 23-Mar 1","Claims Exception Queue",192,23,"Evaluator 23",idle,ALL_EVALUATORS_AT_CAPACITY,23,0,"Workload limit reached for this evaluator in this rule run."
22,"Feb 23-Mar 1","Claims Exception Queue",192,24,"Evaluator 24",active,,24,19,
22,"Feb 23-Mar 1","Escalation Sweep - Weekend Priority",193,17,"Evaluator 17",active,,20,17,
22,"Feb 23-Mar 1","Escalation Sweep - Weekend Priority",193,18,"Evaluator 18",active,,21,21,
22,"Feb 23-Mar 1","Escalation Sweep - Weekend Priority",193,19,"Evaluator 19",active,,22,21,
22,"Feb 23-Mar 1","Escalation Sweep - Weekend Priority",193,20,"Evaluator 20",active,,23,21,
22,"Feb 23-Mar 1","Escalation Sweep - Weekend Priority",193,38,"Evaluator 38",active,,25,25,
22,"Feb 23-Mar 1","Legacy Escalation QA",194,1,"Evaluator 01",active,,22,19,
22,"Feb 23-Mar 1","Legacy Escalation QA",194,2,"Evaluator 02",active,,23,23,
22,"Feb 23-Mar 1","Legacy Escalation QA",194,3,"Evaluator 03",active,,24,23,
22,"Feb 23-Mar 1","Legacy Escalation QA",194,4,"Evaluator 04",active,,25,23,
22,"Feb 23-Mar 1","Mortgage Queue",195,5,"Evaluator 05",active,,23,20,
22,"Feb 23-Mar 1","Mortgage Queue",195,6,"Evaluator 06",active,,24,20,
22,"Feb 23-Mar 1","Mortgage Queue",195,7,"Evaluator 07",active,,25,20,
22,"Feb 23-Mar 1","Mortgage Queue",195,8,"Evaluator 08",active,,20,14,
22,"Feb 23-Mar 1","Mortgage Queue",195,37,"Evaluator 37",active,,24,17,
22,"Feb 23-Mar 1","Onboarding Calls QA",196,33,"Evaluator 33",active,,24,21,
22,"Feb 23-Mar 1","Onboarding Calls QA",196,34,"Evaluator 34",active,,25,25,
22,"Feb 23-Mar 1","Onboarding Calls QA",196,35,"Evaluator 35",active,,20,19,
22,"Feb 23-Mar 1","Onboarding Calls QA",196,36,"Evaluator 36",active,,21,19,
22,"Feb 23-Mar 1","Renewals - TL Review Batch",197,9,"Evaluator 09",active,,24,21,
22,"Feb 23-Mar 1","Renewals - TL Review Batch",197,10,"Evaluator 10",active,,25,25,
22,"Feb 23-Mar 1","Renewals - TL Review Batch",197,11,"Evaluator 11",active,,20,19,
22,"Feb 23-Mar 1","Renewals - TL Review Batch",197,12,"Evaluator 12",active,,21,19,
22,"Feb 23-Mar 1","Savings Product - QA Rotation",198,13,"Evaluator 13",informational,RULE_DID_NOT_EXECUTE,25,0,"Rule did not execute; evaluator assignments were not processed."
22,"Feb 23-Mar 1","Savings Product - QA Rotation",198,14,"Evaluator 14",informational,RULE_DID_NOT_EXECUTE,20,0,"Rule did not execute; evaluator assignments were not processed."
22,"Feb 23-Mar 1","Savings Product - QA Rotation",198,15,"Evaluator 15",informational,RULE_DID_NOT_EXECUTE,21,0,"Rule did not execute; evaluator assignments were not processed."
22,"Feb 23-Mar 1","Savings Product - QA Rotation",198,16,"Evaluator 16",informational,RULE_DID_NOT_EXECUTE,22,0,"Rule did not execute; evaluator assignments were not processed."
21,"Feb 16-22","Billing QA",181,25,"Evaluator 25",active,,22,20,
21,"Feb 16-22","Billing QA",181,26,"Evaluator 26",active,,23,20,
21,"Feb 16-22","Billing QA",181,27,"Evaluator 27",active,,24,24,
21,"Feb 16-22","Billing QA",181,28,"Evaluator 28",active,,25,24,
21,"Feb 16-22","Card Disputes QA",182,29,"Evaluator 29",active,,23,21,
21,"Feb 16-22","Card Disputes QA",182,30,"Evaluator 30",active,,24,21,
21,"Feb 16-22","Card Disputes QA",182,31,"Evaluator 31",active,,25,25,
21,"Feb 16-22","Card Disputes QA",182,32,"Evaluator 32",active,,20,19,
21,"Feb 16-22","Card Disputes QA",182,39,"Evaluator 39",active,,23,23,
21,"Feb 16-22","Claims Exception Queue",183,21,"Evaluator 21",active,,21,19,
21,"Feb 16-22","Claims Exception Queue",183,22,"Evaluator 22",active,,22,19,
21,"Feb 16-22","Claims Exception Queue",183,23,"Evaluator 23",active,,23,23,
21,"Feb 16-22","Claims Exception Queue",183,24,"Evaluator 24",active,,24,23,
21,"Feb 16-22","Escalation Sweep - Weekend Priority",184,17,"Evaluator 17",active,,20,18,
21,"Feb 16-22","Escalation Sweep - Weekend Priority",184,18,"Evaluator 18",active,,21,18,
21,"Feb 16-22","Escalation Sweep - Weekend Priority",184,19,"Evaluator 19",active,,22,22,
21,"Feb 16-22","Escalation Sweep - Weekend Priority",184,20,"Evaluator 20",active,,23,22,
21,"Feb 16-22","Escalation Sweep - Weekend Priority",184,38,"Evaluator 38",active,,25,22,
21,"Feb 16-22","Legacy Escalation QA",185,1,"Evaluator 01",active,,22,20,
21,"Feb 16-22","Legacy Escalation QA",185,2,"Evaluator 02",active,,23,20,
21,"Feb 16-22","Legacy Escalation QA",185,3,"Evaluator 03",active,,24,24,
21,"Feb 16-22","Legacy Escalation QA",185,4,"Evaluator 04",active,,25,24,
21,"Feb 16-22","Mortgage Queue",186,5,"Evaluator 05",active,,23,21,
21,"Feb 16-22","Mortgage Queue",186,6,"Evaluator 06",active,,24,21,
21,"Feb 16-22","Mortgage Queue",186,7,"Evaluator 07",active,,25,25,
21,"Feb 16-22","Mortgage Queue",186,8,"Evaluator 08",active,,20,19,
21,"Feb 16-22","Mortgage Queue",186,37,"Evaluator 37",active,,24,22,
21,"Feb 16-22","Onboarding Calls QA",187,33,"Evaluator 33",active,,24,22,
21,"Feb 16-22","Onboarding Calls QA",187,34,"Evaluator 34",active,,25,22,
21,"Feb 16-22","Onboarding Calls QA",187,35,"Evaluator 35",active,,20,20,
21,"Feb 16-22","Onboarding Calls QA",187,36,"Evaluator 36",active,,21,20,
21,"Feb 16-22","Renewals - TL Review Batch",188,9,"Evaluator 09",active,,24,22,
21,"Feb 16-22","Renewals - TL Review Batch",188,10,"Evaluator 10",active,,25,22,
21,"Feb 16-22","Renewals - TL Review Batch",188,11,"Evaluator 11",active,,20,20,
21,"Feb 16-22","Renewals - TL Review Batch",188,12,"Evaluator 12",active,,21,20,
21,"Feb 16-22","Savings Product - QA Rotation",189,13,"Evaluator 13",active,,25,23,
21,"Feb 16-22","Savings Product - QA Rotation",189,14,"Evaluator 14",active,,20,17,
21,"Feb 16-22","Savings Product - QA Rotation",189,15,"Evaluator 15",active,,21,21,
21,"Feb 16-22","Savings Product - QA Rotation",189,16,"Evaluator 16",active,,22,21,
20,"Feb 9-15","Billing QA",172,25,"Evaluator 25",active,,22,21,
20,"Feb 9-15","Billing QA",172,26,"Evaluator 26",active,,23,21,
20,"Feb 9-15","Billing QA",172,27,"Evaluator 27",active,,24,21,
20,"Feb 9-15","Billing QA",172,28,"Evaluator 28",active,,25,25,
20,"Feb 9-15","Card Disputes QA",173,29,"Evaluator 29",active,,23,20,
20,"Feb 9-15","Card Disputes QA",173,30,"Evaluator 30",active,,24,20,
20,"Feb 9-15","Card Disputes QA",173,31,"Evaluator 31",active,,25,20,
20,"Feb 9-15","Card Disputes QA",173,32,"Evaluator 32",active,,20,14,
20,"Feb 9-15","Card Disputes QA",173,39,"Evaluator 39",active,,23,17,
20,"Feb 9-15","Claims Exception Queue",174,21,"Evaluator 21",informational,RULE_DID_NOT_EXECUTE,21,0,"Rule did not execute; evaluator assignments were not processed."
20,"Feb 9-15","Claims Exception Queue",174,22,"Evaluator 22",informational,RULE_DID_NOT_EXECUTE,22,0,"Rule did not execute; evaluator assignments were not processed."
20,"Feb 9-15","Claims Exception Queue",174,23,"Evaluator 23",informational,RULE_DID_NOT_EXECUTE,23,0,"Rule did not execute; evaluator assignments were not processed."
20,"Feb 9-15","Claims Exception Queue",174,24,"Evaluator 24",informational,RULE_DID_NOT_EXECUTE,24,0,"Rule did not execute; evaluator assignments were not processed."
20,"Feb 9-15","Escalation Sweep - Weekend Priority",175,17,"Evaluator 17",active,,20,19,
20,"Feb 9-15","Escalation Sweep - Weekend Priority",175,18,"Evaluator 18",active,,21,19,
20,"Feb 9-15","Escalation Sweep - Weekend Priority",175,19,"Evaluator 19",active,,22,19,
20,"Feb 9-15","Escalation Sweep - Weekend Priority",175,20,"Evaluator 20",active,,23,23,
20,"Feb 9-15","Escalation Sweep - Weekend Priority",175,38,"Evaluator 38",active,,25,23,
20,"Feb 9-15","Legacy Escalation QA",176,1,"Evaluator 01",active,,22,21,
20,"Feb 9-15","Legacy Escalation QA",176,2,"Evaluator 02",active,,23,21,
20,"Feb 9-15","Legacy Escalation QA",176,3,"Evaluator 03",active,,24,21,
20,"Feb 9-15","Legacy Escalation QA",176,4,"Evaluator 04",active,,25,25,
20,"Feb 9-15","Mortgage Queue",177,5,"Evaluator 05",active,,23,22,
20,"Feb 9-15","Mortgage Queue",177,6,"Evaluator 06",active,,24,22,
20,"Feb 9-15","Mortgage Queue",177,7,"Evaluator 07",active,,25,22,
20,"Feb 9-15","Mortgage Queue",177,8,"Evaluator 08",active,,20,20,
20,"Feb 9-15","Mortgage Queue",177,37,"Evaluator 37",active,,24,23,
20,"Feb 9-15","Onboarding Calls QA",178,33,"Evaluator 33",active,,24,23,
20,"Feb 9-15","Onboarding Calls QA",178,34,"Evaluator 34",active,,25,23,
20,"Feb 9-15","Onboarding Calls QA",178,35,"Evaluator 35",active,,20,17,
20,"Feb 9-15","Onboarding Calls QA",178,36,"Evaluator 36",active,,21,21,
20,"Feb 9-15","Renewals - TL Review Batch",179,9,"Evaluator 09",active,,24,23,
20,"Feb 9-15","Renewals - TL Review Batch",179,10,"Evaluator 10",active,,25,23,
20,"Feb 9-15","Renewals - TL Review Batch",179,11,"Evaluator 11",active,,20,17,
20,"Feb 9-15","Renewals - TL Review Batch",179,12,"Evaluator 12",active,,21,21,
20,"Feb 9-15","Savings Product - QA Rotation",180,13,"Evaluator 13",active,,25,21,
20,"Feb 9-15","Savings Product - QA Rotation",180,14,"Evaluator 14",active,,20,15,
20,"Feb 9-15","Savings Product - QA Rotation",180,15,"Evaluator 15",active,,21,15,
20,"Feb 9-15","Savings Product - QA Rotation",180,16,"Evaluator 16",active,,22,15,
19,"Feb 2-8","Billing QA",163,25,"Evaluator 25",active,,22,22,
19,"Feb 2-8","Billing QA",163,26,"Evaluator 26",active,,23,22,
19,"Feb 2-8","Billing QA",163,27,"Evaluator 27",active,,24,22,
19,"Feb 2-8","Billing QA",163,28,"Evaluator 28",active,,25,22,
19,"Feb 2-8","Card Disputes QA",164,29,"Evaluator 29",active,,23,23,
19,"Feb 2-8","Card Disputes QA",164,30,"Evaluator 30",active,,24,23,
19,"Feb 2-8","Card Disputes QA",164,31,"Evaluator 31",active,,25,23,
19,"Feb 2-8","Card Disputes QA",164,32,"Evaluator 32",active,,20,17,
19,"Feb 2-8","Card Disputes QA",164,39,"Evaluator 39",active,,23,21,
19,"Feb 2-8","Claims Exception Queue",165,21,"Evaluator 21",active,,21,21,
19,"Feb 2-8","Claims Exception Queue",165,22,"Evaluator 22",active,,22,21,
19,"Feb 2-8","Claims Exception Queue",165,23,"Evaluator 23",active,,23,21,
19,"Feb 2-8","Claims Exception Queue",165,24,"Evaluator 24",active,,24,21,
19,"Feb 2-8","Escalation Sweep - Weekend Priority",166,17,"Evaluator 17",active,,20,20,
19,"Feb 2-8","Escalation Sweep - Weekend Priority",166,18,"Evaluator 18",active,,21,20,
19,"Feb 2-8","Escalation Sweep - Weekend Priority",166,19,"Evaluator 19",active,,22,20,
19,"Feb 2-8","Escalation Sweep - Weekend Priority",166,20,"Evaluator 20",active,,23,20,
19,"Feb 2-8","Escalation Sweep - Weekend Priority",166,38,"Evaluator 38",active,,25,24,
19,"Feb 2-8","Legacy Escalation QA",167,1,"Evaluator 01",active,,22,22,
19,"Feb 2-8","Legacy Escalation QA",167,2,"Evaluator 02",active,,23,22,
19,"Feb 2-8","Legacy Escalation QA",167,3,"Evaluator 03",active,,24,22,
19,"Feb 2-8","Legacy Escalation QA",167,4,"Evaluator 04",active,,25,22,
19,"Feb 2-8","Mortgage Queue",168,5,"Evaluator 05",active,,23,23,
19,"Feb 2-8","Mortgage Queue",168,6,"Evaluator 06",active,,24,23,
19,"Feb 2-8","Mortgage Queue",168,7,"Evaluator 07",active,,25,23,
19,"Feb 2-8","Mortgage Queue",168,8,"Evaluator 08",active,,20,17,
19,"Feb 2-8","Mortgage Queue",168,37,"Evaluator 37",active,,24,24,
19,"Feb 2-8","Onboarding Calls QA",169,33,"Evaluator 33",active,,24,24,
19,"Feb 2-8","Onboarding Calls QA",169,34,"Evaluator 34",active,,25,24,
19,"Feb 2-8","Onboarding Calls QA",169,35,"Evaluator 35",active,,20,18,
19,"Feb 2-8","Onboarding Calls QA",169,36,"Evaluator 36",active,,21,18,
19,"Feb 2-8","Renewals - TL Review Batch",170,9,"Evaluator 09",active,,24,24,
19,"Feb 2-8","Renewals - TL Review Batch",170,10,"Evaluator 10",active,,25,24,
19,"Feb 2-8","Renewals - TL Review Batch",170,11,"Evaluator 11",active,,20,18,
19,"Feb 2-8","Renewals - TL Review Batch",170,12,"Evaluator 12",active,,21,18,
19,"Feb 2-8","Savings Product - QA Rotation",171,13,"Evaluator 13",active,,25,25,
19,"Feb 2-8","Savings Product - QA Rotation",171,14,"Evaluator 14",active,,20,19,
19,"Feb 2-8","Savings Product - QA Rotation",171,15,"Evaluator 15",active,,21,19,
19,"Feb 2-8","Savings Product - QA Rotation",171,16,"Evaluator 16",active,,22,19,
18,"Jan 26-Feb 1","Billing QA",154,25,"Evaluator 25",active,,22,19,
18,"Jan 26-Feb 1","Billing QA",154,26,"Evaluator 26",active,,23,23,
18,"Jan 26-Feb 1","Billing QA",154,27,"Evaluator 27",active,,24,23,
18,"Jan 26-Feb 1","Billing QA",154,28,"Evaluator 28",active,,25,23,
18,"Jan 26-Feb 1","Card Disputes QA",155,29,"Evaluator 29",informational,RULE_DID_NOT_EXECUTE,23,0,"Rule did not execute; evaluator assignments were not processed."
18,"Jan 26-Feb 1","Card Disputes QA",155,30,"Evaluator 30",informational,RULE_DID_NOT_EXECUTE,24,0,"Rule did not execute; evaluator assignments were not processed."
18,"Jan 26-Feb 1","Card Disputes QA",155,31,"Evaluator 31",informational,RULE_DID_NOT_EXECUTE,25,0,"Rule did not execute; evaluator assignments were not processed."
18,"Jan 26-Feb 1","Card Disputes QA",155,32,"Evaluator 32",informational,RULE_DID_NOT_EXECUTE,20,0,"Rule did not execute; evaluator assignments were not processed."
18,"Jan 26-Feb 1","Card Disputes QA",155,39,"Evaluator 39",informational,RULE_DID_NOT_EXECUTE,23,0,"Rule did not execute; evaluator assignments were not processed."
18,"Jan 26-Feb 1","Claims Exception Queue",156,21,"Evaluator 21",active,,21,16,
18,"Jan 26-Feb 1","Claims Exception Queue",156,22,"Evaluator 22",active,,22,16,
18,"Jan 26-Feb 1","Claims Exception Queue",156,23,"Evaluator 23",active,,23,16,
18,"Jan 26-Feb 1","Claims Exception Queue",156,24,"Evaluator 24",active,,24,16,
18,"Jan 26-Feb 1","Escalation Sweep - Weekend Priority",157,17,"Evaluator 17",active,,20,17,
18,"Jan 26-Feb 1","Escalation Sweep - Weekend Priority",157,18,"Evaluator 18",active,,21,21,
18,"Jan 26-Feb 1","Escalation Sweep - Weekend Priority",157,19,"Evaluator 19",active,,22,21,
18,"Jan 26-Feb 1","Escalation Sweep - Weekend Priority",157,20,"Evaluator 20",active,,23,21,
18,"Jan 26-Feb 1","Escalation Sweep - Weekend Priority",157,38,"Evaluator 38",active,,25,25,
18,"Jan 26-Feb 1","Legacy Escalation QA",158,1,"Evaluator 01",active,,22,19,
18,"Jan 26-Feb 1","Legacy Escalation QA",158,2,"Evaluator 02",active,,23,23,
18,"Jan 26-Feb 1","Legacy Escalation QA",158,3,"Evaluator 03",active,,24,23,
18,"Jan 26-Feb 1","Legacy Escalation QA",158,4,"Evaluator 04",active,,25,23,
18,"Jan 26-Feb 1","Mortgage Queue",159,5,"Evaluator 05",active,,23,17,
18,"Jan 26-Feb 1","Mortgage Queue",159,6,"Evaluator 06",active,,24,17,
18,"Jan 26-Feb 1","Mortgage Queue",159,7,"Evaluator 07",active,,25,17,
18,"Jan 26-Feb 1","Mortgage Queue",159,8,"Evaluator 08",active,,20,18,
18,"Jan 26-Feb 1","Mortgage Queue",159,37,"Evaluator 37",active,,24,21,
18,"Jan 26-Feb 1","Onboarding Calls QA",160,33,"Evaluator 33",active,,24,21,
18,"Jan 26-Feb 1","Onboarding Calls QA",160,34,"Evaluator 34",active,,25,25,
18,"Jan 26-Feb 1","Onboarding Calls QA",160,35,"Evaluator 35",active,,20,19,
18,"Jan 26-Feb 1","Onboarding Calls QA",160,36,"Evaluator 36",active,,21,19,
18,"Jan 26-Feb 1","Renewals - TL Review Batch",161,9,"Evaluator 09",active,,24,21,
18,"Jan 26-Feb 1","Renewals - TL Review Batch",161,10,"Evaluator 10",active,,25,25,
18,"Jan 26-Feb 1","Renewals - TL Review Batch",161,11,"Evaluator 11",active,,20,19,
18,"Jan 26-Feb 1","Renewals - TL Review Batch",161,12,"Evaluator 12",active,,21,19,
18,"Jan 26-Feb 1","Savings Product - QA Rotation",162,13,"Evaluator 13",active,,25,22,
18,"Jan 26-Feb 1","Savings Product - QA Rotation",162,14,"Evaluator 14",active,,20,20,
18,"Jan 26-Feb 1","Savings Product - QA Rotation",162,15,"Evaluator 15",active,,21,20,
18,"Jan 26-Feb 1","Savings Product - QA Rotation",162,16,"Evaluator 16",active,,22,20,
17,"Jan 19-25","Billing QA",145,25,"Evaluator 25",active,,22,20,
17,"Jan 19-25","Billing QA",145,26,"Evaluator 26",active,,23,20,
17,"Jan 19-25","Billing QA",145,27,"Evaluator 27",active,,24,24,
17,"Jan 19-25","Billing QA",145,28,"Evaluator 28",active,,25,24,
17,"Jan 19-25","Card Disputes QA",146,29,"Evaluator 29",active,,23,21,
17,"Jan 19-25","Card Disputes QA",146,30,"Evaluator 30",active,,24,21,
17,"Jan 19-25","Card Disputes QA",146,31,"Evaluator 31",active,,25,25,
17,"Jan 19-25","Card Disputes QA",146,32,"Evaluator 32",active,,20,19,
17,"Jan 19-25","Card Disputes QA",146,39,"Evaluator 39",active,,23,23,
17,"Jan 19-25","Claims Exception Queue",147,21,"Evaluator 21",active,,21,19,
17,"Jan 19-25","Claims Exception Queue",147,22,"Evaluator 22",active,,22,19,
17,"Jan 19-25","Claims Exception Queue",147,23,"Evaluator 23",active,,23,23,
17,"Jan 19-25","Claims Exception Queue",147,24,"Evaluator 24",active,,24,23,
17,"Jan 19-25","Escalation Sweep - Weekend Priority",148,17,"Evaluator 17",active,,20,18,
17,"Jan 19-25","Escalation Sweep - Weekend Priority",148,18,"Evaluator 18",active,,21,18,
17,"Jan 19-25","Escalation Sweep - Weekend Priority",148,19,"Evaluator 19",active,,22,22,
17,"Jan 19-25","Escalation Sweep - Weekend Priority",148,20,"Evaluator 20",active,,23,22,
17,"Jan 19-25","Escalation Sweep - Weekend Priority",148,38,"Evaluator 38",active,,25,22,
17,"Jan 19-25","Legacy Escalation QA",149,1,"Evaluator 01",active,,22,20,
17,"Jan 19-25","Legacy Escalation QA",149,2,"Evaluator 02",active,,23,20,
17,"Jan 19-25","Legacy Escalation QA",149,3,"Evaluator 03",active,,24,24,
17,"Jan 19-25","Legacy Escalation QA",149,4,"Evaluator 04",active,,25,24,
17,"Jan 19-25","Mortgage Queue",150,5,"Evaluator 05",active,,23,21,
17,"Jan 19-25","Mortgage Queue",150,6,"Evaluator 06",active,,24,21,
17,"Jan 19-25","Mortgage Queue",150,7,"Evaluator 07",active,,25,25,
17,"Jan 19-25","Mortgage Queue",150,8,"Evaluator 08",active,,20,19,
17,"Jan 19-25","Mortgage Queue",150,37,"Evaluator 37",active,,24,22,
17,"Jan 19-25","Onboarding Calls QA",151,33,"Evaluator 33",active,,24,22,
17,"Jan 19-25","Onboarding Calls QA",151,34,"Evaluator 34",active,,25,22,
17,"Jan 19-25","Onboarding Calls QA",151,35,"Evaluator 35",active,,20,20,
17,"Jan 19-25","Onboarding Calls QA",151,36,"Evaluator 36",active,,21,20,
17,"Jan 19-25","Renewals - TL Review Batch",152,9,"Evaluator 09",active,,24,22,
17,"Jan 19-25","Renewals - TL Review Batch",152,10,"Evaluator 10",active,,25,22,
17,"Jan 19-25","Renewals - TL Review Batch",152,11,"Evaluator 11",active,,20,20,
17,"Jan 19-25","Renewals - TL Review Batch",152,12,"Evaluator 12",active,,21,20,
17,"Jan 19-25","Savings Product - QA Rotation",153,13,"Evaluator 13",active,,25,23,
17,"Jan 19-25","Savings Product - QA Rotation",153,14,"Evaluator 14",active,,20,17,
17,"Jan 19-25","Savings Product - QA Rotation",153,15,"Evaluator 15",active,,21,21,
17,"Jan 19-25","Savings Product - QA Rotation",153,16,"Evaluator 16",active,,22,21,
16,"Jan 12-18","Billing QA",136,25,"Evaluator 25",active,,22,21,
16,"Jan 12-18","Billing QA",136,26,"Evaluator 26",active,,23,21,
16,"Jan 12-18","Billing QA",136,27,"Evaluator 27",active,,24,21,
16,"Jan 12-18","Billing QA",136,28,"Evaluator 28",active,,25,25,
16,"Jan 12-18","Card Disputes QA",137,29,"Evaluator 29",active,,23,17,
16,"Jan 12-18","Card Disputes QA",137,30,"Evaluator 30",active,,24,17,
16,"Jan 12-18","Card Disputes QA",137,31,"Evaluator 31",active,,25,17,
16,"Jan 12-18","Card Disputes QA",137,32,"Evaluator 32",active,,20,18,
16,"Jan 12-18","Card Disputes QA",137,39,"Evaluator 39",active,,23,21,
16,"Jan 12-18","Claims Exception Queue",138,21,"Evaluator 21",active,,21,20,
16,"Jan 12-18","Claims Exception Queue",138,22,"Evaluator 22",active,,22,20,
16,"Jan 12-18","Claims Exception Queue",138,23,"Evaluator 23",active,,23,20,
16,"Jan 12-18","Claims Exception Queue",138,24,"Evaluator 24",active,,24,24,
16,"Jan 12-18","Escalation Sweep - Weekend Priority",139,17,"Evaluator 17",active,,20,19,
16,"Jan 12-18","Escalation Sweep - Weekend Priority",139,18,"Evaluator 18",active,,21,19,
16,"Jan 12-18","Escalation Sweep - Weekend Priority",139,19,"Evaluator 19",active,,22,19,
16,"Jan 12-18","Escalation Sweep - Weekend Priority",139,20,"Evaluator 20",active,,23,23,
16,"Jan 12-18","Escalation Sweep - Weekend Priority",139,38,"Evaluator 38",active,,25,23,
16,"Jan 12-18","Legacy Escalation QA",140,1,"Evaluator 01",active,,22,21,
16,"Jan 12-18","Legacy Escalation QA",140,2,"Evaluator 02",active,,23,21,
16,"Jan 12-18","Legacy Escalation QA",140,3,"Evaluator 03",active,,24,21,
16,"Jan 12-18","Legacy Escalation QA",140,4,"Evaluator 04",active,,25,25,
16,"Jan 12-18","Mortgage Queue",141,5,"Evaluator 05",active,,23,22,
16,"Jan 12-18","Mortgage Queue",141,6,"Evaluator 06",active,,24,22,
16,"Jan 12-18","Mortgage Queue",141,7,"Evaluator 07",active,,25,22,
16,"Jan 12-18","Mortgage Queue",141,8,"Evaluator 08",active,,20,20,
16,"Jan 12-18","Mortgage Queue",141,37,"Evaluator 37",active,,24,23,
16,"Jan 12-18","Onboarding Calls QA",142,33,"Evaluator 33",active,,24,23,
16,"Jan 12-18","Onboarding Calls QA",142,34,"Evaluator 34",active,,25,23,
16,"Jan 12-18","Onboarding Calls QA",142,35,"Evaluator 35",active,,20,17,
16,"Jan 12-18","Onboarding Calls QA",142,36,"Evaluator 36",active,,21,21,
16,"Jan 12-18","Renewals - TL Review Batch",143,9,"Evaluator 09",active,,24,23,
16,"Jan 12-18","Renewals - TL Review Batch",143,10,"Evaluator 10",active,,25,23,
16,"Jan 12-18","Renewals - TL Review Batch",143,11,"Evaluator 11",active,,20,17,
16,"Jan 12-18","Renewals - TL Review Batch",143,12,"Evaluator 12",active,,21,21,
16,"Jan 12-18","Savings Product - QA Rotation",144,13,"Evaluator 13",active,,25,18,
16,"Jan 12-18","Savings Product - QA Rotation",144,14,"Evaluator 14",idle,ALL_EVALUATORS_AT_CAPACITY,20,0,"Workload limit reached for this evaluator in this rule run."
16,"Jan 12-18","Savings Product - QA Rotation",144,15,"Evaluator 15",active,,21,19,
16,"Jan 12-18","Savings Product - QA Rotation",144,16,"Evaluator 16",active,,22,19,
15,"Jan 5-11","Billing QA",127,25,"Evaluator 25",active,,22,22,
15,"Jan 5-11","Billing QA",127,26,"Evaluator 26",active,,23,22,
15,"Jan 5-11","Billing QA",127,27,"Evaluator 27",active,,24,22,
15,"Jan 5-11","Billing QA",127,28,"Evaluator 28",active,,25,22,
15,"Jan 5-11","Card Disputes QA",128,29,"Evaluator 29",active,,23,23,
15,"Jan 5-11","Card Disputes QA",128,30,"Evaluator 30",active,,24,23,
15,"Jan 5-11","Card Disputes QA",128,31,"Evaluator 31",active,,25,23,
15,"Jan 5-11","Card Disputes QA",128,32,"Evaluator 32",active,,20,17,
15,"Jan 5-11","Card Disputes QA",128,39,"Evaluator 39",active,,23,21,
15,"Jan 5-11","Claims Exception Queue",129,21,"Evaluator 21",active,,21,21,
15,"Jan 5-11","Claims Exception Queue",129,22,"Evaluator 22",active,,22,21,
15,"Jan 5-11","Claims Exception Queue",129,23,"Evaluator 23",active,,23,21,
15,"Jan 5-11","Claims Exception Queue",129,24,"Evaluator 24",active,,24,21,
15,"Jan 5-11","Escalation Sweep - Weekend Priority",130,17,"Evaluator 17",active,,20,20,
15,"Jan 5-11","Escalation Sweep - Weekend Priority",130,18,"Evaluator 18",active,,21,20,
15,"Jan 5-11","Escalation Sweep - Weekend Priority",130,19,"Evaluator 19",active,,22,20,
15,"Jan 5-11","Escalation Sweep - Weekend Priority",130,20,"Evaluator 20",active,,23,20,
15,"Jan 5-11","Escalation Sweep - Weekend Priority",130,38,"Evaluator 38",active,,25,24,
15,"Jan 5-11","Legacy Escalation QA",131,1,"Evaluator 01",active,,22,22,
15,"Jan 5-11","Legacy Escalation QA",131,2,"Evaluator 02",active,,23,22,
15,"Jan 5-11","Legacy Escalation QA",131,3,"Evaluator 03",active,,24,22,
15,"Jan 5-11","Legacy Escalation QA",131,4,"Evaluator 04",active,,25,22,
15,"Jan 5-11","Mortgage Queue",132,5,"Evaluator 05",active,,23,23,
15,"Jan 5-11","Mortgage Queue",132,6,"Evaluator 06",active,,24,23,
15,"Jan 5-11","Mortgage Queue",132,7,"Evaluator 07",active,,25,23,
15,"Jan 5-11","Mortgage Queue",132,8,"Evaluator 08",active,,20,17,
15,"Jan 5-11","Mortgage Queue",132,37,"Evaluator 37",active,,24,24,
15,"Jan 5-11","Onboarding Calls QA",133,33,"Evaluator 33",active,,24,24,
15,"Jan 5-11","Onboarding Calls QA",133,34,"Evaluator 34",active,,25,24,
15,"Jan 5-11","Onboarding Calls QA",133,35,"Evaluator 35",active,,20,18,
15,"Jan 5-11","Onboarding Calls QA",133,36,"Evaluator 36",active,,21,18,
15,"Jan 5-11","Renewals - TL Review Batch",134,9,"Evaluator 09",active,,24,24,
15,"Jan 5-11","Renewals - TL Review Batch",134,10,"Evaluator 10",active,,25,24,
15,"Jan 5-11","Renewals - TL Review Batch",134,11,"Evaluator 11",active,,20,18,
15,"Jan 5-11","Renewals - TL Review Batch",134,12,"Evaluator 12",active,,21,18,
15,"Jan 5-11","Savings Product - QA Rotation",135,13,"Evaluator 13",active,,25,25,
15,"Jan 5-11","Savings Product - QA Rotation",135,14,"Evaluator 14",active,,20,19,
15,"Jan 5-11","Savings Product - QA Rotation",135,15,"Evaluator 15",active,,21,19,
15,"Jan 5-11","Savings Product - QA Rotation",135,16,"Evaluator 16",active,,22,19,
14,"Dec 29-Jan 4","Billing QA",118,25,"Evaluator 25",active,,22,19,
14,"Dec 29-Jan 4","Billing QA",118,26,"Evaluator 26",active,,23,23,
14,"Dec 29-Jan 4","Billing QA",118,27,"Evaluator 27",active,,24,23,
14,"Dec 29-Jan 4","Billing QA",118,28,"Evaluator 28",active,,25,23,
14,"Dec 29-Jan 4","Card Disputes QA",119,29,"Evaluator 29",active,,23,20,
14,"Dec 29-Jan 4","Card Disputes QA",119,30,"Evaluator 30",active,,24,24,
14,"Dec 29-Jan 4","Card Disputes QA",119,31,"Evaluator 31",active,,25,24,
14,"Dec 29-Jan 4","Card Disputes QA",119,32,"Evaluator 32",active,,20,18,
14,"Dec 29-Jan 4","Card Disputes QA",119,39,"Evaluator 39",active,,23,22,
14,"Dec 29-Jan 4","Claims Exception Queue",120,21,"Evaluator 21",active,,21,13,
14,"Dec 29-Jan 4","Claims Exception Queue",120,22,"Evaluator 22",active,,22,20,
14,"Dec 29-Jan 4","Claims Exception Queue",120,23,"Evaluator 23",active,,23,20,
14,"Dec 29-Jan 4","Claims Exception Queue",120,24,"Evaluator 24",active,,24,20,
14,"Dec 29-Jan 4","Escalation Sweep - Weekend Priority",121,17,"Evaluator 17",active,,20,17,
14,"Dec 29-Jan 4","Escalation Sweep - Weekend Priority",121,18,"Evaluator 18",active,,21,21,
14,"Dec 29-Jan 4","Escalation Sweep - Weekend Priority",121,19,"Evaluator 19",active,,22,21,
14,"Dec 29-Jan 4","Escalation Sweep - Weekend Priority",121,20,"Evaluator 20",active,,23,21,
14,"Dec 29-Jan 4","Escalation Sweep - Weekend Priority",121,38,"Evaluator 38",active,,25,25,
14,"Dec 29-Jan 4","Legacy Escalation QA",122,1,"Evaluator 01",active,,22,19,
14,"Dec 29-Jan 4","Legacy Escalation QA",122,2,"Evaluator 02",active,,23,23,
14,"Dec 29-Jan 4","Legacy Escalation QA",122,3,"Evaluator 03",active,,24,23,
14,"Dec 29-Jan 4","Legacy Escalation QA",122,4,"Evaluator 04",active,,25,23,
14,"Dec 29-Jan 4","Mortgage Queue",123,5,"Evaluator 05",active,,23,21,
14,"Dec 29-Jan 4","Mortgage Queue",123,6,"Evaluator 06",active,,24,21,
14,"Dec 29-Jan 4","Mortgage Queue",123,7,"Evaluator 07",active,,25,21,
14,"Dec 29-Jan 4","Mortgage Queue",123,8,"Evaluator 08",active,,20,15,
14,"Dec 29-Jan 4","Mortgage Queue",123,37,"Evaluator 37",active,,24,18,
14,"Dec 29-Jan 4","Onboarding Calls QA",124,33,"Evaluator 33",active,,24,21,
14,"Dec 29-Jan 4","Onboarding Calls QA",124,34,"Evaluator 34",active,,25,25,
14,"Dec 29-Jan 4","Onboarding Calls QA",124,35,"Evaluator 35",active,,20,19,
14,"Dec 29-Jan 4","Onboarding Calls QA",124,36,"Evaluator 36",active,,21,19,
14,"Dec 29-Jan 4","Renewals - TL Review Batch",125,9,"Evaluator 09",active,,24,21,
14,"Dec 29-Jan 4","Renewals - TL Review Batch",125,10,"Evaluator 10",active,,25,25,
14,"Dec 29-Jan 4","Renewals - TL Review Batch",125,11,"Evaluator 11",active,,20,19,
14,"Dec 29-Jan 4","Renewals - TL Review Batch",125,12,"Evaluator 12",active,,21,19,
14,"Dec 29-Jan 4","Savings Product - QA Rotation",126,13,"Evaluator 13",active,,25,22,
14,"Dec 29-Jan 4","Savings Product - QA Rotation",126,14,"Evaluator 14",active,,20,20,
14,"Dec 29-Jan 4","Savings Product - QA Rotation",126,15,"Evaluator 15",active,,21,20,
14,"Dec 29-Jan 4","Savings Product - QA Rotation",126,16,"Evaluator 16",active,,22,20,
13,"Dec 22-28","Billing QA",109,25,"Evaluator 25",active,,22,20,
13,"Dec 22-28","Billing QA",109,26,"Evaluator 26",active,,23,20,
13,"Dec 22-28","Billing QA",109,27,"Evaluator 27",active,,24,24,
13,"Dec 22-28","Billing QA",109,28,"Evaluator 28",active,,25,24,
13,"Dec 22-28","Card Disputes QA",110,29,"Evaluator 29",active,,23,21,
13,"Dec 22-28","Card Disputes QA",110,30,"Evaluator 30",active,,24,21,
13,"Dec 22-28","Card Disputes QA",110,31,"Evaluator 31",active,,25,25,
13,"Dec 22-28","Card Disputes QA",110,32,"Evaluator 32",active,,20,19,
13,"Dec 22-28","Card Disputes QA",110,39,"Evaluator 39",active,,23,23,
13,"Dec 22-28","Claims Exception Queue",111,21,"Evaluator 21",active,,21,19,
13,"Dec 22-28","Claims Exception Queue",111,22,"Evaluator 22",active,,22,19,
13,"Dec 22-28","Claims Exception Queue",111,23,"Evaluator 23",active,,23,23,
13,"Dec 22-28","Claims Exception Queue",111,24,"Evaluator 24",active,,24,23,
13,"Dec 22-28","Escalation Sweep - Weekend Priority",112,17,"Evaluator 17",active,,20,18,
13,"Dec 22-28","Escalation Sweep - Weekend Priority",112,18,"Evaluator 18",active,,21,18,
13,"Dec 22-28","Escalation Sweep - Weekend Priority",112,19,"Evaluator 19",active,,22,22,
13,"Dec 22-28","Escalation Sweep - Weekend Priority",112,20,"Evaluator 20",active,,23,22,
13,"Dec 22-28","Escalation Sweep - Weekend Priority",112,38,"Evaluator 38",active,,25,22,
13,"Dec 22-28","Legacy Escalation QA",113,1,"Evaluator 01",active,,22,20,
13,"Dec 22-28","Legacy Escalation QA",113,2,"Evaluator 02",active,,23,20,
13,"Dec 22-28","Legacy Escalation QA",113,3,"Evaluator 03",active,,24,24,
13,"Dec 22-28","Legacy Escalation QA",113,4,"Evaluator 04",active,,25,24,
13,"Dec 22-28","Mortgage Queue",114,5,"Evaluator 05",active,,23,21,
13,"Dec 22-28","Mortgage Queue",114,6,"Evaluator 06",active,,24,21,
13,"Dec 22-28","Mortgage Queue",114,7,"Evaluator 07",active,,25,25,
13,"Dec 22-28","Mortgage Queue",114,8,"Evaluator 08",active,,20,19,
13,"Dec 22-28","Mortgage Queue",114,37,"Evaluator 37",active,,24,22,
13,"Dec 22-28","Onboarding Calls QA",115,33,"Evaluator 33",active,,24,22,
13,"Dec 22-28","Onboarding Calls QA",115,34,"Evaluator 34",active,,25,22,
13,"Dec 22-28","Onboarding Calls QA",115,35,"Evaluator 35",active,,20,20,
13,"Dec 22-28","Onboarding Calls QA",115,36,"Evaluator 36",active,,21,20,
13,"Dec 22-28","Renewals - TL Review Batch",116,9,"Evaluator 09",active,,24,22,
13,"Dec 22-28","Renewals - TL Review Batch",116,10,"Evaluator 10",active,,25,22,
13,"Dec 22-28","Renewals - TL Review Batch",116,11,"Evaluator 11",active,,20,20,
13,"Dec 22-28","Renewals - TL Review Batch",116,12,"Evaluator 12",active,,21,20,
13,"Dec 22-28","Savings Product - QA Rotation",117,13,"Evaluator 13",active,,25,23,
13,"Dec 22-28","Savings Product - QA Rotation",117,14,"Evaluator 14",active,,20,17,
13,"Dec 22-28","Savings Product - QA Rotation",117,15,"Evaluator 15",active,,21,21,
13,"Dec 22-28","Savings Product - QA Rotation",117,16,"Evaluator 16",active,,22,21,
12,"Dec 15-21","Billing QA",100,25,"Evaluator 25",active,,22,21,
12,"Dec 15-21","Billing QA",100,26,"Evaluator 26",active,,23,21,
12,"Dec 15-21","Billing QA",100,27,"Evaluator 27",active,,24,21,
12,"Dec 15-21","Billing QA",100,28,"Evaluator 28",active,,25,25,
12,"Dec 15-21","Card Disputes QA",101,29,"Evaluator 29",active,,23,21,
12,"Dec 15-21","Card Disputes QA",101,30,"Evaluator 30",active,,24,21,
12,"Dec 15-21","Card Disputes QA",101,31,"Evaluator 31",idle,ALL_EVALUATORS_AT_CAPACITY,25,0,"Workload limit reached for this evaluator in this rule run."
12,"Dec 15-21","Card Disputes QA",101,32,"Evaluator 32",active,,20,15,
12,"Dec 15-21","Card Disputes QA",101,39,"Evaluator 39",active,,23,18,
12,"Dec 15-21","Claims Exception Queue",102,21,"Evaluator 21",active,,21,20,
12,"Dec 15-21","Claims Exception Queue",102,22,"Evaluator 22",active,,22,20,
12,"Dec 15-21","Claims Exception Queue",102,23,"Evaluator 23",active,,23,20,
12,"Dec 15-21","Claims Exception Queue",102,24,"Evaluator 24",active,,24,24,
12,"Dec 15-21","Escalation Sweep - Weekend Priority",103,17,"Evaluator 17",active,,20,19,
12,"Dec 15-21","Escalation Sweep - Weekend Priority",103,18,"Evaluator 18",active,,21,19,
12,"Dec 15-21","Escalation Sweep - Weekend Priority",103,19,"Evaluator 19",active,,22,19,
12,"Dec 15-21","Escalation Sweep - Weekend Priority",103,20,"Evaluator 20",active,,23,23,
12,"Dec 15-21","Escalation Sweep - Weekend Priority",103,38,"Evaluator 38",active,,25,23,
12,"Dec 15-21","Legacy Escalation QA",104,1,"Evaluator 01",informational,RULE_DID_NOT_EXECUTE,22,0,"Rule did not execute; evaluator assignments were not processed."
12,"Dec 15-21","Legacy Escalation QA",104,2,"Evaluator 02",informational,RULE_DID_NOT_EXECUTE,23,0,"Rule did not execute; evaluator assignments were not processed."
12,"Dec 15-21","Legacy Escalation QA",104,3,"Evaluator 03",informational,RULE_DID_NOT_EXECUTE,24,0,"Rule did not execute; evaluator assignments were not processed."
12,"Dec 15-21","Legacy Escalation QA",104,4,"Evaluator 04",informational,RULE_DID_NOT_EXECUTE,25,0,"Rule did not execute; evaluator assignments were not processed."
12,"Dec 15-21","Mortgage Queue",105,5,"Evaluator 05",active,,23,22,
12,"Dec 15-21","Mortgage Queue",105,6,"Evaluator 06",active,,24,22,
12,"Dec 15-21","Mortgage Queue",105,7,"Evaluator 07",active,,25,22,
12,"Dec 15-21","Mortgage Queue",105,8,"Evaluator 08",active,,20,20,
12,"Dec 15-21","Mortgage Queue",105,37,"Evaluator 37",active,,24,23,
12,"Dec 15-21","Onboarding Calls QA",106,33,"Evaluator 33",active,,24,23,
12,"Dec 15-21","Onboarding Calls QA",106,34,"Evaluator 34",active,,25,23,
12,"Dec 15-21","Onboarding Calls QA",106,35,"Evaluator 35",active,,20,17,
12,"Dec 15-21","Onboarding Calls QA",106,36,"Evaluator 36",active,,21,21,
12,"Dec 15-21","Renewals - TL Review Batch",107,9,"Evaluator 09",active,,24,23,
12,"Dec 15-21","Renewals - TL Review Batch",107,10,"Evaluator 10",active,,25,23,
12,"Dec 15-21","Renewals - TL Review Batch",107,11,"Evaluator 11",active,,20,17,
12,"Dec 15-21","Renewals - TL Review Batch",107,12,"Evaluator 12",active,,21,21,
12,"Dec 15-21","Savings Product - QA Rotation",108,13,"Evaluator 13",active,,25,22,
12,"Dec 15-21","Savings Product - QA Rotation",108,14,"Evaluator 14",active,,20,16,
12,"Dec 15-21","Savings Product - QA Rotation",108,15,"Evaluator 15",active,,21,16,
12,"Dec 15-21","Savings Product - QA Rotation",108,16,"Evaluator 16",active,,22,16,
11,"Dec 8-14","Billing QA",91,25,"Evaluator 25",active,,22,22,
11,"Dec 8-14","Billing QA",91,26,"Evaluator 26",active,,23,22,
11,"Dec 8-14","Billing QA",91,27,"Evaluator 27",active,,24,22,
11,"Dec 8-14","Billing QA",91,28,"Evaluator 28",active,,25,22,
11,"Dec 8-14","Card Disputes QA",92,29,"Evaluator 29",active,,23,23,
11,"Dec 8-14","Card Disputes QA",92,30,"Evaluator 30",active,,24,23,
11,"Dec 8-14","Card Disputes QA",92,31,"Evaluator 31",active,,25,23,
11,"Dec 8-14","Card Disputes QA",92,32,"Evaluator 32",active,,20,17,
11,"Dec 8-14","Card Disputes QA",92,39,"Evaluator 39",active,,23,21,
11,"Dec 8-14","Claims Exception Queue",93,21,"Evaluator 21",active,,21,21,
11,"Dec 8-14","Claims Exception Queue",93,22,"Evaluator 22",active,,22,21,
11,"Dec 8-14","Claims Exception Queue",93,23,"Evaluator 23",active,,23,21,
11,"Dec 8-14","Claims Exception Queue",93,24,"Evaluator 24",active,,24,21,
11,"Dec 8-14","Escalation Sweep - Weekend Priority",94,17,"Evaluator 17",active,,20,20,
11,"Dec 8-14","Escalation Sweep - Weekend Priority",94,18,"Evaluator 18",active,,21,20,
11,"Dec 8-14","Escalation Sweep - Weekend Priority",94,19,"Evaluator 19",active,,22,20,
11,"Dec 8-14","Escalation Sweep - Weekend Priority",94,20,"Evaluator 20",active,,23,20,
11,"Dec 8-14","Escalation Sweep - Weekend Priority",94,38,"Evaluator 38",active,,25,24,
11,"Dec 8-14","Legacy Escalation QA",95,1,"Evaluator 01",active,,22,22,
11,"Dec 8-14","Legacy Escalation QA",95,2,"Evaluator 02",active,,23,22,
11,"Dec 8-14","Legacy Escalation QA",95,3,"Evaluator 03",active,,24,22,
11,"Dec 8-14","Legacy Escalation QA",95,4,"Evaluator 04",active,,25,22,
11,"Dec 8-14","Mortgage Queue",96,5,"Evaluator 05",active,,23,23,
11,"Dec 8-14","Mortgage Queue",96,6,"Evaluator 06",active,,24,23,
11,"Dec 8-14","Mortgage Queue",96,7,"Evaluator 07",active,,25,23,
11,"Dec 8-14","Mortgage Queue",96,8,"Evaluator 08",active,,20,17,
11,"Dec 8-14","Mortgage Queue",96,37,"Evaluator 37",active,,24,24,
11,"Dec 8-14","Onboarding Calls QA",97,33,"Evaluator 33",active,,24,24,
11,"Dec 8-14","Onboarding Calls QA",97,34,"Evaluator 34",active,,25,24,
11,"Dec 8-14","Onboarding Calls QA",97,35,"Evaluator 35",active,,20,18,
11,"Dec 8-14","Onboarding Calls QA",97,36,"Evaluator 36",active,,21,18,
11,"Dec 8-14","Renewals - TL Review Batch",98,9,"Evaluator 09",active,,24,24,
11,"Dec 8-14","Renewals - TL Review Batch",98,10,"Evaluator 10",active,,25,24,
11,"Dec 8-14","Renewals - TL Review Batch",98,11,"Evaluator 11",active,,20,18,
11,"Dec 8-14","Renewals - TL Review Batch",98,12,"Evaluator 12",active,,21,18,
11,"Dec 8-14","Savings Product - QA Rotation",99,13,"Evaluator 13",active,,25,25,
11,"Dec 8-14","Savings Product - QA Rotation",99,14,"Evaluator 14",active,,20,19,
11,"Dec 8-14","Savings Product - QA Rotation",99,15,"Evaluator 15",active,,21,19,
11,"Dec 8-14","Savings Product - QA Rotation",99,16,"Evaluator 16",active,,22,19,
10,"Dec 1-7","Billing QA",82,25,"Evaluator 25",active,,22,19,
10,"Dec 1-7","Billing QA",82,26,"Evaluator 26",active,,23,23,
10,"Dec 1-7","Billing QA",82,27,"Evaluator 27",active,,24,23,
10,"Dec 1-7","Billing QA",82,28,"Evaluator 28",active,,25,23,
10,"Dec 1-7","Card Disputes QA",83,29,"Evaluator 29",active,,23,20,
10,"Dec 1-7","Card Disputes QA",83,30,"Evaluator 30",active,,24,24,
10,"Dec 1-7","Card Disputes QA",83,31,"Evaluator 31",active,,25,24,
10,"Dec 1-7","Card Disputes QA",83,32,"Evaluator 32",active,,20,18,
10,"Dec 1-7","Card Disputes QA",83,39,"Evaluator 39",active,,23,22,
10,"Dec 1-7","Claims Exception Queue",84,21,"Evaluator 21",active,,21,17,
10,"Dec 1-7","Claims Exception Queue",84,22,"Evaluator 22",active,,22,17,
10,"Dec 1-7","Claims Exception Queue",84,23,"Evaluator 23",active,,23,17,
10,"Dec 1-7","Claims Exception Queue",84,24,"Evaluator 24",active,,24,17,
10,"Dec 1-7","Escalation Sweep - Weekend Priority",85,17,"Evaluator 17",active,,20,17,
10,"Dec 1-7","Escalation Sweep - Weekend Priority",85,18,"Evaluator 18",active,,21,21,
10,"Dec 1-7","Escalation Sweep - Weekend Priority",85,19,"Evaluator 19",active,,22,21,
10,"Dec 1-7","Escalation Sweep - Weekend Priority",85,20,"Evaluator 20",active,,23,21,
10,"Dec 1-7","Escalation Sweep - Weekend Priority",85,38,"Evaluator 38",active,,25,25,
10,"Dec 1-7","Legacy Escalation QA",86,1,"Evaluator 01",active,,22,19,
10,"Dec 1-7","Legacy Escalation QA",86,2,"Evaluator 02",active,,23,23,
10,"Dec 1-7","Legacy Escalation QA",86,3,"Evaluator 03",active,,24,23,
10,"Dec 1-7","Legacy Escalation QA",86,4,"Evaluator 04",active,,25,23,
10,"Dec 1-7","Mortgage Queue",87,5,"Evaluator 05",idle,ALL_EVALUATORS_AT_CAPACITY,23,0,"Workload limit reached for this evaluator in this rule run."
10,"Dec 1-7","Mortgage Queue",87,6,"Evaluator 06",active,,24,18,
10,"Dec 1-7","Mortgage Queue",87,7,"Evaluator 07",active,,25,18,
10,"Dec 1-7","Mortgage Queue",87,8,"Evaluator 08",active,,20,12,
10,"Dec 1-7","Mortgage Queue",87,37,"Evaluator 37",active,,24,22,
10,"Dec 1-7","Onboarding Calls QA",88,33,"Evaluator 33",active,,24,21,
10,"Dec 1-7","Onboarding Calls QA",88,34,"Evaluator 34",active,,25,25,
10,"Dec 1-7","Onboarding Calls QA",88,35,"Evaluator 35",active,,20,19,
10,"Dec 1-7","Onboarding Calls QA",88,36,"Evaluator 36",active,,21,19,
10,"Dec 1-7","Renewals - TL Review Batch",89,9,"Evaluator 09",informational,RULE_DID_NOT_EXECUTE,24,0,"Rule did not execute; evaluator assignments were not processed."
10,"Dec 1-7","Renewals - TL Review Batch",89,10,"Evaluator 10",informational,RULE_DID_NOT_EXECUTE,25,0,"Rule did not execute; evaluator assignments were not processed."
10,"Dec 1-7","Renewals - TL Review Batch",89,11,"Evaluator 11",informational,RULE_DID_NOT_EXECUTE,20,0,"Rule did not execute; evaluator assignments were not processed."
10,"Dec 1-7","Renewals - TL Review Batch",89,12,"Evaluator 12",informational,RULE_DID_NOT_EXECUTE,21,0,"Rule did not execute; evaluator assignments were not processed."
10,"Dec 1-7","Savings Product - QA Rotation",90,13,"Evaluator 13",active,,25,22,
10,"Dec 1-7","Savings Product - QA Rotation",90,14,"Evaluator 14",active,,20,20,
10,"Dec 1-7","Savings Product - QA Rotation",90,15,"Evaluator 15",active,,21,20,
10,"Dec 1-7","Savings Product - QA Rotation",90,16,"Evaluator 16",active,,22,20,
9,"Nov 24-30","Billing QA",73,25,"Evaluator 25",active,,22,20,
9,"Nov 24-30","Billing QA",73,26,"Evaluator 26",active,,23,20,
9,"Nov 24-30","Billing QA",73,27,"Evaluator 27",active,,24,24,
9,"Nov 24-30","Billing QA",73,28,"Evaluator 28",active,,25,24,
9,"Nov 24-30","Card Disputes QA",74,29,"Evaluator 29",active,,23,21,
9,"Nov 24-30","Card Disputes QA",74,30,"Evaluator 30",active,,24,21,
9,"Nov 24-30","Card Disputes QA",74,31,"Evaluator 31",active,,25,25,
9,"Nov 24-30","Card Disputes QA",74,32,"Evaluator 32",active,,20,19,
9,"Nov 24-30","Card Disputes QA",74,39,"Evaluator 39",active,,23,23,
9,"Nov 24-30","Claims Exception Queue",75,21,"Evaluator 21",active,,21,19,
9,"Nov 24-30","Claims Exception Queue",75,22,"Evaluator 22",active,,22,19,
9,"Nov 24-30","Claims Exception Queue",75,23,"Evaluator 23",active,,23,23,
9,"Nov 24-30","Claims Exception Queue",75,24,"Evaluator 24",active,,24,23,
9,"Nov 24-30","Escalation Sweep - Weekend Priority",76,17,"Evaluator 17",active,,20,18,
9,"Nov 24-30","Escalation Sweep - Weekend Priority",76,18,"Evaluator 18",active,,21,18,
9,"Nov 24-30","Escalation Sweep - Weekend Priority",76,19,"Evaluator 19",active,,22,22,
9,"Nov 24-30","Escalation Sweep - Weekend Priority",76,20,"Evaluator 20",active,,23,22,
9,"Nov 24-30","Escalation Sweep - Weekend Priority",76,38,"Evaluator 38",active,,25,22,
9,"Nov 24-30","Legacy Escalation QA",77,1,"Evaluator 01",active,,22,20,
9,"Nov 24-30","Legacy Escalation QA",77,2,"Evaluator 02",active,,23,20,
9,"Nov 24-30","Legacy Escalation QA",77,3,"Evaluator 03",active,,24,24,
9,"Nov 24-30","Legacy Escalation QA",77,4,"Evaluator 04",active,,25,24,
9,"Nov 24-30","Mortgage Queue",78,5,"Evaluator 05",active,,23,21,
9,"Nov 24-30","Mortgage Queue",78,6,"Evaluator 06",active,,24,21,
9,"Nov 24-30","Mortgage Queue",78,7,"Evaluator 07",active,,25,25,
9,"Nov 24-30","Mortgage Queue",78,8,"Evaluator 08",active,,20,19,
9,"Nov 24-30","Mortgage Queue",78,37,"Evaluator 37",active,,24,22,
9,"Nov 24-30","Onboarding Calls QA",79,33,"Evaluator 33",active,,24,22,
9,"Nov 24-30","Onboarding Calls QA",79,34,"Evaluator 34",active,,25,22,
9,"Nov 24-30","Onboarding Calls QA",79,35,"Evaluator 35",active,,20,20,
9,"Nov 24-30","Onboarding Calls QA",79,36,"Evaluator 36",active,,21,20,
9,"Nov 24-30","Renewals - TL Review Batch",80,9,"Evaluator 09",active,,24,22,
9,"Nov 24-30","Renewals - TL Review Batch",80,10,"Evaluator 10",active,,25,22,
9,"Nov 24-30","Renewals - TL Review Batch",80,11,"Evaluator 11",active,,20,20,
9,"Nov 24-30","Renewals - TL Review Batch",80,12,"Evaluator 12",active,,21,20,
9,"Nov 24-30","Savings Product - QA Rotation",81,13,"Evaluator 13",active,,25,23,
9,"Nov 24-30","Savings Product - QA Rotation",81,14,"Evaluator 14",active,,20,17,
9,"Nov 24-30","Savings Product - QA Rotation",81,15,"Evaluator 15",active,,21,21,
9,"Nov 24-30","Savings Product - QA Rotation",81,16,"Evaluator 16",active,,22,21,
8,"Nov 17-23","Billing QA",64,25,"Evaluator 25",active,,22,21,
8,"Nov 17-23","Billing QA",64,26,"Evaluator 26",active,,23,21,
8,"Nov 17-23","Billing QA",64,27,"Evaluator 27",active,,24,21,
8,"Nov 17-23","Billing QA",64,28,"Evaluator 28",active,,25,25,
8,"Nov 17-23","Card Disputes QA",65,29,"Evaluator 29",active,,23,18,
8,"Nov 17-23","Card Disputes QA",65,30,"Evaluator 30",active,,24,18,
8,"Nov 17-23","Card Disputes QA",65,31,"Evaluator 31",active,,25,18,
8,"Nov 17-23","Card Disputes QA",65,32,"Evaluator 32",active,,20,12,
8,"Nov 17-23","Card Disputes QA",65,39,"Evaluator 39",active,,23,15,
8,"Nov 17-23","Claims Exception Queue",66,21,"Evaluator 21",active,,21,20,
8,"Nov 17-23","Claims Exception Queue",66,22,"Evaluator 22",active,,22,20,
8,"Nov 17-23","Claims Exception Queue",66,23,"Evaluator 23",active,,23,20,
8,"Nov 17-23","Claims Exception Queue",66,24,"Evaluator 24",active,,24,24,
8,"Nov 17-23","Escalation Sweep - Weekend Priority",67,17,"Evaluator 17",informational,RULE_DID_NOT_EXECUTE,20,0,"Rule did not execute; evaluator assignments were not processed."
8,"Nov 17-23","Escalation Sweep - Weekend Priority",67,18,"Evaluator 18",informational,RULE_DID_NOT_EXECUTE,21,0,"Rule did not execute; evaluator assignments were not processed."
8,"Nov 17-23","Escalation Sweep - Weekend Priority",67,19,"Evaluator 19",informational,RULE_DID_NOT_EXECUTE,22,0,"Rule did not execute; evaluator assignments were not processed."
8,"Nov 17-23","Escalation Sweep - Weekend Priority",67,20,"Evaluator 20",informational,RULE_DID_NOT_EXECUTE,23,0,"Rule did not execute; evaluator assignments were not processed."
8,"Nov 17-23","Escalation Sweep - Weekend Priority",67,38,"Evaluator 38",informational,RULE_DID_NOT_EXECUTE,25,0,"Rule did not execute; evaluator assignments were not processed."
8,"Nov 17-23","Legacy Escalation QA",68,1,"Evaluator 01",active,,22,21,
8,"Nov 17-23","Legacy Escalation QA",68,2,"Evaluator 02",active,,23,21,
8,"Nov 17-23","Legacy Escalation QA",68,3,"Evaluator 03",active,,24,21,
8,"Nov 17-23","Legacy Escalation QA",68,4,"Evaluator 04",active,,25,25,
8,"Nov 17-23","Mortgage Queue",69,5,"Evaluator 05",active,,23,22,
8,"Nov 17-23","Mortgage Queue",69,6,"Evaluator 06",active,,24,22,
8,"Nov 17-23","Mortgage Queue",69,7,"Evaluator 07",active,,25,22,
8,"Nov 17-23","Mortgage Queue",69,8,"Evaluator 08",active,,20,20,
8,"Nov 17-23","Mortgage Queue",69,37,"Evaluator 37",active,,24,23,
8,"Nov 17-23","Onboarding Calls QA",70,33,"Evaluator 33",active,,24,23,
8,"Nov 17-23","Onboarding Calls QA",70,34,"Evaluator 34",active,,25,23,
8,"Nov 17-23","Onboarding Calls QA",70,35,"Evaluator 35",active,,20,17,
8,"Nov 17-23","Onboarding Calls QA",70,36,"Evaluator 36",active,,21,21,
8,"Nov 17-23","Renewals - TL Review Batch",71,9,"Evaluator 09",active,,24,23,
8,"Nov 17-23","Renewals - TL Review Batch",71,10,"Evaluator 10",active,,25,23,
8,"Nov 17-23","Renewals - TL Review Batch",71,11,"Evaluator 11",active,,20,17,
8,"Nov 17-23","Renewals - TL Review Batch",71,12,"Evaluator 12",active,,21,21,
8,"Nov 17-23","Savings Product - QA Rotation",72,13,"Evaluator 13",active,,25,19,
8,"Nov 17-23","Savings Product - QA Rotation",72,14,"Evaluator 14",active,,20,13,
8,"Nov 17-23","Savings Product - QA Rotation",72,15,"Evaluator 15",active,,21,13,
8,"Nov 17-23","Savings Product - QA Rotation",72,16,"Evaluator 16",active,,22,20,
7,"Nov 10-16","Billing QA",55,25,"Evaluator 25",active,,22,22,
7,"Nov 10-16","Billing QA",55,26,"Evaluator 26",active,,23,22,
7,"Nov 10-16","Billing QA",55,27,"Evaluator 27",active,,24,22,
7,"Nov 10-16","Billing QA",55,28,"Evaluator 28",active,,25,22,
7,"Nov 10-16","Card Disputes QA",56,29,"Evaluator 29",active,,23,23,
7,"Nov 10-16","Card Disputes QA",56,30,"Evaluator 30",active,,24,23,
7,"Nov 10-16","Card Disputes QA",56,31,"Evaluator 31",active,,25,23,
7,"Nov 10-16","Card Disputes QA",56,32,"Evaluator 32",active,,20,17,
7,"Nov 10-16","Card Disputes QA",56,39,"Evaluator 39",active,,23,21,
7,"Nov 10-16","Claims Exception Queue",57,21,"Evaluator 21",active,,21,21,
7,"Nov 10-16","Claims Exception Queue",57,22,"Evaluator 22",active,,22,21,
7,"Nov 10-16","Claims Exception Queue",57,23,"Evaluator 23",active,,23,21,
7,"Nov 10-16","Claims Exception Queue",57,24,"Evaluator 24",active,,24,21,
7,"Nov 10-16","Escalation Sweep - Weekend Priority",58,17,"Evaluator 17",active,,20,20,
7,"Nov 10-16","Escalation Sweep - Weekend Priority",58,18,"Evaluator 18",active,,21,20,
7,"Nov 10-16","Escalation Sweep - Weekend Priority",58,19,"Evaluator 19",active,,22,20,
7,"Nov 10-16","Escalation Sweep - Weekend Priority",58,20,"Evaluator 20",active,,23,20,
7,"Nov 10-16","Escalation Sweep - Weekend Priority",58,38,"Evaluator 38",active,,25,24,
7,"Nov 10-16","Legacy Escalation QA",59,1,"Evaluator 01",active,,22,22,
7,"Nov 10-16","Legacy Escalation QA",59,2,"Evaluator 02",active,,23,22,
7,"Nov 10-16","Legacy Escalation QA",59,3,"Evaluator 03",active,,24,22,
7,"Nov 10-16","Legacy Escalation QA",59,4,"Evaluator 04",active,,25,22,
7,"Nov 10-16","Mortgage Queue",60,5,"Evaluator 05",active,,23,23,
7,"Nov 10-16","Mortgage Queue",60,6,"Evaluator 06",active,,24,23,
7,"Nov 10-16","Mortgage Queue",60,7,"Evaluator 07",active,,25,23,
7,"Nov 10-16","Mortgage Queue",60,8,"Evaluator 08",active,,20,17,
7,"Nov 10-16","Mortgage Queue",60,37,"Evaluator 37",active,,24,24,
7,"Nov 10-16","Onboarding Calls QA",61,33,"Evaluator 33",active,,24,24,
7,"Nov 10-16","Onboarding Calls QA",61,34,"Evaluator 34",active,,25,24,
7,"Nov 10-16","Onboarding Calls QA",61,35,"Evaluator 35",active,,20,18,
7,"Nov 10-16","Onboarding Calls QA",61,36,"Evaluator 36",active,,21,18,
7,"Nov 10-16","Renewals - TL Review Batch",62,9,"Evaluator 09",active,,24,24,
7,"Nov 10-16","Renewals - TL Review Batch",62,10,"Evaluator 10",active,,25,24,
7,"Nov 10-16","Renewals - TL Review Batch",62,11,"Evaluator 11",active,,20,18,
7,"Nov 10-16","Renewals - TL Review Batch",62,12,"Evaluator 12",active,,21,18,
7,"Nov 10-16","Savings Product - QA Rotation",63,13,"Evaluator 13",active,,25,25,
7,"Nov 10-16","Savings Product - QA Rotation",63,14,"Evaluator 14",active,,20,19,
7,"Nov 10-16","Savings Product - QA Rotation",63,15,"Evaluator 15",active,,21,19,
7,"Nov 10-16","Savings Product - QA Rotation",63,16,"Evaluator 16",active,,22,19,
6,"Nov 3-9","Billing QA",46,25,"Evaluator 25",informational,RULE_DID_NOT_EXECUTE,22,0,"Rule did not execute; evaluator assignments were not processed."
6,"Nov 3-9","Billing QA",46,26,"Evaluator 26",informational,RULE_DID_NOT_EXECUTE,23,0,"Rule did not execute; evaluator assignments were not processed."
6,"Nov 3-9","Billing QA",46,27,"Evaluator 27",informational,RULE_DID_NOT_EXECUTE,24,0,"Rule did not execute; evaluator assignments were not processed."
6,"Nov 3-9","Billing QA",46,28,"Evaluator 28",informational,RULE_DID_NOT_EXECUTE,25,0,"Rule did not execute; evaluator assignments were not processed."
6,"Nov 3-9","Card Disputes QA",47,29,"Evaluator 29",active,,23,20,
6,"Nov 3-9","Card Disputes QA",47,30,"Evaluator 30",active,,24,24,
6,"Nov 3-9","Card Disputes QA",47,31,"Evaluator 31",active,,25,24,
6,"Nov 3-9","Card Disputes QA",47,32,"Evaluator 32",active,,20,18,
6,"Nov 3-9","Card Disputes QA",47,39,"Evaluator 39",active,,23,22,
6,"Nov 3-9","Claims Exception Queue",48,21,"Evaluator 21",active,,21,14,
6,"Nov 3-9","Claims Exception Queue",48,22,"Evaluator 22",idle,ALL_EVALUATORS_AT_CAPACITY,22,0,"Workload limit reached for this evaluator in this rule run."
6,"Nov 3-9","Claims Exception Queue",48,23,"Evaluator 23",active,,23,21,
6,"Nov 3-9","Claims Exception Queue",48,24,"Evaluator 24",active,,24,21,
6,"Nov 3-9","Escalation Sweep - Weekend Priority",49,17,"Evaluator 17",active,,20,17,
6,"Nov 3-9","Escalation Sweep - Weekend Priority",49,18,"Evaluator 18",active,,21,21,
6,"Nov 3-9","Escalation Sweep - Weekend Priority",49,19,"Evaluator 19",active,,22,21,
6,"Nov 3-9","Escalation Sweep - Weekend Priority",49,20,"Evaluator 20",active,,23,21,
6,"Nov 3-9","Escalation Sweep - Weekend Priority",49,38,"Evaluator 38",active,,25,25,
6,"Nov 3-9","Legacy Escalation QA",50,1,"Evaluator 01",active,,22,19,
6,"Nov 3-9","Legacy Escalation QA",50,2,"Evaluator 02",active,,23,23,
6,"Nov 3-9","Legacy Escalation QA",50,3,"Evaluator 03",active,,24,23,
6,"Nov 3-9","Legacy Escalation QA",50,4,"Evaluator 04",active,,25,23,
6,"Nov 3-9","Mortgage Queue",51,5,"Evaluator 05",active,,23,15,
6,"Nov 3-9","Mortgage Queue",51,6,"Evaluator 06",active,,24,22,
6,"Nov 3-9","Mortgage Queue",51,7,"Evaluator 07",active,,25,22,
6,"Nov 3-9","Mortgage Queue",51,8,"Evaluator 08",active,,20,16,
6,"Nov 3-9","Mortgage Queue",51,37,"Evaluator 37",active,,24,19,
6,"Nov 3-9","Onboarding Calls QA",52,33,"Evaluator 33",active,,24,21,
6,"Nov 3-9","Onboarding Calls QA",52,34,"Evaluator 34",active,,25,25,
6,"Nov 3-9","Onboarding Calls QA",52,35,"Evaluator 35",active,,20,19,
6,"Nov 3-9","Onboarding Calls QA",52,36,"Evaluator 36",active,,21,19,
6,"Nov 3-9","Renewals - TL Review Batch",53,9,"Evaluator 09",active,,24,21,
6,"Nov 3-9","Renewals - TL Review Batch",53,10,"Evaluator 10",active,,25,25,
6,"Nov 3-9","Renewals - TL Review Batch",53,11,"Evaluator 11",active,,20,19,
6,"Nov 3-9","Renewals - TL Review Batch",53,12,"Evaluator 12",active,,21,19,
6,"Nov 3-9","Savings Product - QA Rotation",54,13,"Evaluator 13",active,,25,22,
6,"Nov 3-9","Savings Product - QA Rotation",54,14,"Evaluator 14",active,,20,20,
6,"Nov 3-9","Savings Product - QA Rotation",54,15,"Evaluator 15",active,,21,20,
6,"Nov 3-9","Savings Product - QA Rotation",54,16,"Evaluator 16",active,,22,20,
5,"Oct 27-Nov 2","Billing QA",37,25,"Evaluator 25",active,,22,20,
5,"Oct 27-Nov 2","Billing QA",37,26,"Evaluator 26",active,,23,20,
5,"Oct 27-Nov 2","Billing QA",37,27,"Evaluator 27",active,,24,24,
5,"Oct 27-Nov 2","Billing QA",37,28,"Evaluator 28",active,,25,24,
5,"Oct 27-Nov 2","Card Disputes QA",38,29,"Evaluator 29",active,,23,21,
5,"Oct 27-Nov 2","Card Disputes QA",38,30,"Evaluator 30",active,,24,21,
5,"Oct 27-Nov 2","Card Disputes QA",38,31,"Evaluator 31",active,,25,25,
5,"Oct 27-Nov 2","Card Disputes QA",38,32,"Evaluator 32",active,,20,19,
5,"Oct 27-Nov 2","Card Disputes QA",38,39,"Evaluator 39",active,,23,23,
5,"Oct 27-Nov 2","Claims Exception Queue",39,21,"Evaluator 21",active,,21,19,
5,"Oct 27-Nov 2","Claims Exception Queue",39,22,"Evaluator 22",active,,22,19,
5,"Oct 27-Nov 2","Claims Exception Queue",39,23,"Evaluator 23",active,,23,23,
5,"Oct 27-Nov 2","Claims Exception Queue",39,24,"Evaluator 24",active,,24,23,
5,"Oct 27-Nov 2","Escalation Sweep - Weekend Priority",40,17,"Evaluator 17",active,,20,18,
5,"Oct 27-Nov 2","Escalation Sweep - Weekend Priority",40,18,"Evaluator 18",active,,21,18,
5,"Oct 27-Nov 2","Escalation Sweep - Weekend Priority",40,19,"Evaluator 19",active,,22,22,
5,"Oct 27-Nov 2","Escalation Sweep - Weekend Priority",40,20,"Evaluator 20",active,,23,22,
5,"Oct 27-Nov 2","Escalation Sweep - Weekend Priority",40,38,"Evaluator 38",active,,25,22,
5,"Oct 27-Nov 2","Legacy Escalation QA",41,1,"Evaluator 01",active,,22,20,
5,"Oct 27-Nov 2","Legacy Escalation QA",41,2,"Evaluator 02",active,,23,20,
5,"Oct 27-Nov 2","Legacy Escalation QA",41,3,"Evaluator 03",active,,24,24,
5,"Oct 27-Nov 2","Legacy Escalation QA",41,4,"Evaluator 04",active,,25,24,
5,"Oct 27-Nov 2","Mortgage Queue",42,5,"Evaluator 05",active,,23,21,
5,"Oct 27-Nov 2","Mortgage Queue",42,6,"Evaluator 06",active,,24,21,
5,"Oct 27-Nov 2","Mortgage Queue",42,7,"Evaluator 07",active,,25,25,
5,"Oct 27-Nov 2","Mortgage Queue",42,8,"Evaluator 08",active,,20,19,
5,"Oct 27-Nov 2","Mortgage Queue",42,37,"Evaluator 37",active,,24,22,
5,"Oct 27-Nov 2","Onboarding Calls QA",43,33,"Evaluator 33",active,,24,22,
5,"Oct 27-Nov 2","Onboarding Calls QA",43,34,"Evaluator 34",active,,25,22,
5,"Oct 27-Nov 2","Onboarding Calls QA",43,35,"Evaluator 35",active,,20,20,
5,"Oct 27-Nov 2","Onboarding Calls QA",43,36,"Evaluator 36",active,,21,20,
5,"Oct 27-Nov 2","Renewals - TL Review Batch",44,9,"Evaluator 09",active,,24,22,
5,"Oct 27-Nov 2","Renewals - TL Review Batch",44,10,"Evaluator 10",active,,25,22,
5,"Oct 27-Nov 2","Renewals - TL Review Batch",44,11,"Evaluator 11",active,,20,20,
5,"Oct 27-Nov 2","Renewals - TL Review Batch",44,12,"Evaluator 12",active,,21,20,
5,"Oct 27-Nov 2","Savings Product - QA Rotation",45,13,"Evaluator 13",active,,25,23,
5,"Oct 27-Nov 2","Savings Product - QA Rotation",45,14,"Evaluator 14",active,,20,17,
5,"Oct 27-Nov 2","Savings Product - QA Rotation",45,15,"Evaluator 15",active,,21,21,
5,"Oct 27-Nov 2","Savings Product - QA Rotation",45,16,"Evaluator 16",active,,22,21,
4,"Oct 20-26","Billing QA",28,25,"Evaluator 25",active,,22,21,
4,"Oct 20-26","Billing QA",28,26,"Evaluator 26",active,,23,21,
4,"Oct 20-26","Billing QA",28,27,"Evaluator 27",active,,24,21,
4,"Oct 20-26","Billing QA",28,28,"Evaluator 28",active,,25,25,
4,"Oct 20-26","Card Disputes QA",29,29,"Evaluator 29",active,,23,15,
4,"Oct 20-26","Card Disputes QA",29,30,"Evaluator 30",active,,24,22,
4,"Oct 20-26","Card Disputes QA",29,31,"Evaluator 31",active,,25,22,
4,"Oct 20-26","Card Disputes QA",29,32,"Evaluator 32",active,,20,16,
4,"Oct 20-26","Card Disputes QA",29,39,"Evaluator 39",idle,ALL_EVALUATORS_AT_CAPACITY,23,0,"Workload limit reached for this evaluator in this rule run."
4,"Oct 20-26","Claims Exception Queue",30,21,"Evaluator 21",active,,21,20,
4,"Oct 20-26","Claims Exception Queue",30,22,"Evaluator 22",active,,22,20,
4,"Oct 20-26","Claims Exception Queue",30,23,"Evaluator 23",active,,23,20,
4,"Oct 20-26","Claims Exception Queue",30,24,"Evaluator 24",active,,24,24,
4,"Oct 20-26","Escalation Sweep - Weekend Priority",31,17,"Evaluator 17",active,,20,19,
4,"Oct 20-26","Escalation Sweep - Weekend Priority",31,18,"Evaluator 18",active,,21,19,
4,"Oct 20-26","Escalation Sweep - Weekend Priority",31,19,"Evaluator 19",active,,22,19,
4,"Oct 20-26","Escalation Sweep - Weekend Priority",31,20,"Evaluator 20",active,,23,23,
4,"Oct 20-26","Escalation Sweep - Weekend Priority",31,38,"Evaluator 38",active,,25,23,
4,"Oct 20-26","Legacy Escalation QA",32,1,"Evaluator 01",active,,22,21,
4,"Oct 20-26","Legacy Escalation QA",32,2,"Evaluator 02",active,,23,21,
4,"Oct 20-26","Legacy Escalation QA",32,3,"Evaluator 03",active,,24,21,
4,"Oct 20-26","Legacy Escalation QA",32,4,"Evaluator 04",active,,25,25,
4,"Oct 20-26","Mortgage Queue",33,5,"Evaluator 05",active,,23,22,
4,"Oct 20-26","Mortgage Queue",33,6,"Evaluator 06",active,,24,22,
4,"Oct 20-26","Mortgage Queue",33,7,"Evaluator 07",active,,25,22,
4,"Oct 20-26","Mortgage Queue",33,8,"Evaluator 08",active,,20,20,
4,"Oct 20-26","Mortgage Queue",33,37,"Evaluator 37",active,,24,23,
4,"Oct 20-26","Onboarding Calls QA",34,33,"Evaluator 33",informational,RULE_DID_NOT_EXECUTE,24,0,"Rule did not execute; evaluator assignments were not processed."
4,"Oct 20-26","Onboarding Calls QA",34,34,"Evaluator 34",informational,RULE_DID_NOT_EXECUTE,25,0,"Rule did not execute; evaluator assignments were not processed."
4,"Oct 20-26","Onboarding Calls QA",34,35,"Evaluator 35",informational,RULE_DID_NOT_EXECUTE,20,0,"Rule did not execute; evaluator assignments were not processed."
4,"Oct 20-26","Onboarding Calls QA",34,36,"Evaluator 36",informational,RULE_DID_NOT_EXECUTE,21,0,"Rule did not execute; evaluator assignments were not processed."
4,"Oct 20-26","Renewals - TL Review Batch",35,9,"Evaluator 09",active,,24,23,
4,"Oct 20-26","Renewals - TL Review Batch",35,10,"Evaluator 10",active,,25,23,
4,"Oct 20-26","Renewals - TL Review Batch",35,11,"Evaluator 11",active,,20,17,
4,"Oct 20-26","Renewals - TL Review Batch",35,12,"Evaluator 12",active,,21,21,
4,"Oct 20-26","Savings Product - QA Rotation",36,13,"Evaluator 13",active,,25,23,
4,"Oct 20-26","Savings Product - QA Rotation",36,14,"Evaluator 14",active,,20,17,
4,"Oct 20-26","Savings Product - QA Rotation",36,15,"Evaluator 15",active,,21,17,
4,"Oct 20-26","Savings Product - QA Rotation",36,16,"Evaluator 16",active,,22,17,
3,"Oct 13-19","Billing QA",19,25,"Evaluator 25",active,,22,22,
3,"Oct 13-19","Billing QA",19,26,"Evaluator 26",active,,23,22,
3,"Oct 13-19","Billing QA",19,27,"Evaluator 27",active,,24,22,
3,"Oct 13-19","Billing QA",19,28,"Evaluator 28",active,,25,22,
3,"Oct 13-19","Card Disputes QA",20,29,"Evaluator 29",active,,23,23,
3,"Oct 13-19","Card Disputes QA",20,30,"Evaluator 30",active,,24,23,
3,"Oct 13-19","Card Disputes QA",20,31,"Evaluator 31",active,,25,23,
3,"Oct 13-19","Card Disputes QA",20,32,"Evaluator 32",active,,20,17,
3,"Oct 13-19","Card Disputes QA",20,39,"Evaluator 39",active,,23,21,
3,"Oct 13-19","Claims Exception Queue",21,21,"Evaluator 21",active,,21,21,
3,"Oct 13-19","Claims Exception Queue",21,22,"Evaluator 22",active,,22,21,
3,"Oct 13-19","Claims Exception Queue",21,23,"Evaluator 23",active,,23,21,
3,"Oct 13-19","Claims Exception Queue",21,24,"Evaluator 24",active,,24,21,
3,"Oct 13-19","Escalation Sweep - Weekend Priority",22,17,"Evaluator 17",active,,20,20,
3,"Oct 13-19","Escalation Sweep - Weekend Priority",22,18,"Evaluator 18",active,,21,20,
3,"Oct 13-19","Escalation Sweep - Weekend Priority",22,19,"Evaluator 19",active,,22,20,
3,"Oct 13-19","Escalation Sweep - Weekend Priority",22,20,"Evaluator 20",active,,23,20,
3,"Oct 13-19","Escalation Sweep - Weekend Priority",22,38,"Evaluator 38",active,,25,24,
3,"Oct 13-19","Legacy Escalation QA",23,1,"Evaluator 01",active,,22,22,
3,"Oct 13-19","Legacy Escalation QA",23,2,"Evaluator 02",active,,23,22,
3,"Oct 13-19","Legacy Escalation QA",23,3,"Evaluator 03",active,,24,22,
3,"Oct 13-19","Legacy Escalation QA",23,4,"Evaluator 04",active,,25,22,
3,"Oct 13-19","Mortgage Queue",24,5,"Evaluator 05",active,,23,23,
3,"Oct 13-19","Mortgage Queue",24,6,"Evaluator 06",active,,24,23,
3,"Oct 13-19","Mortgage Queue",24,7,"Evaluator 07",active,,25,23,
3,"Oct 13-19","Mortgage Queue",24,8,"Evaluator 08",active,,20,17,
3,"Oct 13-19","Mortgage Queue",24,37,"Evaluator 37",active,,24,24,
3,"Oct 13-19","Onboarding Calls QA",25,33,"Evaluator 33",active,,24,24,
3,"Oct 13-19","Onboarding Calls QA",25,34,"Evaluator 34",active,,25,24,
3,"Oct 13-19","Onboarding Calls QA",25,35,"Evaluator 35",active,,20,18,
3,"Oct 13-19","Onboarding Calls QA",25,36,"Evaluator 36",active,,21,18,
3,"Oct 13-19","Renewals - TL Review Batch",26,9,"Evaluator 09",active,,24,24,
3,"Oct 13-19","Renewals - TL Review Batch",26,10,"Evaluator 10",active,,25,24,
3,"Oct 13-19","Renewals - TL Review Batch",26,11,"Evaluator 11",active,,20,18,
3,"Oct 13-19","Renewals - TL Review Batch",26,12,"Evaluator 12",active,,21,18,
3,"Oct 13-19","Savings Product - QA Rotation",27,13,"Evaluator 13",active,,25,25,
3,"Oct 13-19","Savings Product - QA Rotation",27,14,"Evaluator 14",active,,20,19,
3,"Oct 13-19","Savings Product - QA Rotation",27,15,"Evaluator 15",active,,21,19,
3,"Oct 13-19","Savings Product - QA Rotation",27,16,"Evaluator 16",active,,22,19,
2,"Oct 6-12","Billing QA",10,25,"Evaluator 25",active,,22,19,
2,"Oct 6-12","Billing QA",10,26,"Evaluator 26",active,,23,23,
2,"Oct 6-12","Billing QA",10,27,"Evaluator 27",active,,24,23,
2,"Oct 6-12","Billing QA",10,28,"Evaluator 28",active,,25,23,
2,"Oct 6-12","Card Disputes QA",11,29,"Evaluator 29",active,,23,20,
2,"Oct 6-12","Card Disputes QA",11,30,"Evaluator 30",active,,24,24,
2,"Oct 6-12","Card Disputes QA",11,31,"Evaluator 31",active,,25,24,
2,"Oct 6-12","Card Disputes QA",11,32,"Evaluator 32",active,,20,18,
2,"Oct 6-12","Card Disputes QA",11,39,"Evaluator 39",active,,23,22,
2,"Oct 6-12","Claims Exception Queue",12,21,"Evaluator 21",active,,21,18,
2,"Oct 6-12","Claims Exception Queue",12,22,"Evaluator 22",active,,22,18,
2,"Oct 6-12","Claims Exception Queue",12,23,"Evaluator 23",active,,23,18,
2,"Oct 6-12","Claims Exception Queue",12,24,"Evaluator 24",active,,24,18,
2,"Oct 6-12","Escalation Sweep - Weekend Priority",13,17,"Evaluator 17",active,,20,17,
2,"Oct 6-12","Escalation Sweep - Weekend Priority",13,18,"Evaluator 18",active,,21,21,
2,"Oct 6-12","Escalation Sweep - Weekend Priority",13,19,"Evaluator 19",active,,22,21,
2,"Oct 6-12","Escalation Sweep - Weekend Priority",13,20,"Evaluator 20",active,,23,21,
2,"Oct 6-12","Escalation Sweep - Weekend Priority",13,38,"Evaluator 38",active,,25,25,
2,"Oct 6-12","Legacy Escalation QA",14,1,"Evaluator 01",active,,22,19,
2,"Oct 6-12","Legacy Escalation QA",14,2,"Evaluator 02",active,,23,23,
2,"Oct 6-12","Legacy Escalation QA",14,3,"Evaluator 03",active,,24,23,
2,"Oct 6-12","Legacy Escalation QA",14,4,"Evaluator 04",active,,25,23,
2,"Oct 6-12","Mortgage Queue",15,5,"Evaluator 05",active,,23,19,
2,"Oct 6-12","Mortgage Queue",15,6,"Evaluator 06",active,,24,19,
2,"Oct 6-12","Mortgage Queue",15,7,"Evaluator 07",active,,25,19,
2,"Oct 6-12","Mortgage Queue",15,8,"Evaluator 08",active,,20,13,
2,"Oct 6-12","Mortgage Queue",15,37,"Evaluator 37",active,,24,16,
2,"Oct 6-12","Onboarding Calls QA",16,33,"Evaluator 33",active,,24,21,
2,"Oct 6-12","Onboarding Calls QA",16,34,"Evaluator 34",active,,25,25,
2,"Oct 6-12","Onboarding Calls QA",16,35,"Evaluator 35",active,,20,19,
2,"Oct 6-12","Onboarding Calls QA",16,36,"Evaluator 36",active,,21,19,
2,"Oct 6-12","Renewals - TL Review Batch",17,9,"Evaluator 09",active,,24,21,
2,"Oct 6-12","Renewals - TL Review Batch",17,10,"Evaluator 10",active,,25,25,
2,"Oct 6-12","Renewals - TL Review Batch",17,11,"Evaluator 11",active,,20,19,
2,"Oct 6-12","Renewals - TL Review Batch",17,12,"Evaluator 12",active,,21,19,
2,"Oct 6-12","Savings Product - QA Rotation",18,13,"Evaluator 13",active,,25,22,
2,"Oct 6-12","Savings Product - QA Rotation",18,14,"Evaluator 14",active,,20,20,
2,"Oct 6-12","Savings Product - QA Rotation",18,15,"Evaluator 15",active,,21,20,
2,"Oct 6-12","Savings Product - QA Rotation",18,16,"Evaluator 16",active,,22,20,
1,"Sep 29-Oct 5","Billing QA",1,25,"Evaluator 25",active,,22,20,
1,"Sep 29-Oct 5","Billing QA",1,26,"Evaluator 26",active,,23,20,
1,"Sep 29-Oct 5","Billing QA",1,27,"Evaluator 27",active,,24,24,
1,"Sep 29-Oct 5","Billing QA",1,28,"Evaluator 28",active,,25,24,
1,"Sep 29-Oct 5","Card Disputes QA",2,29,"Evaluator 29",active,,23,21,
1,"Sep 29-Oct 5","Card Disputes QA",2,30,"Evaluator 30",active,,24,21,
1,"Sep 29-Oct 5","Card Disputes QA",2,31,"Evaluator 31",active,,25,25,
1,"Sep 29-Oct 5","Card Disputes QA",2,32,"Evaluator 32",active,,20,19,
1,"Sep 29-Oct 5","Card Disputes QA",2,39,"Evaluator 39",active,,23,23,
1,"Sep 29-Oct 5","Claims Exception Queue",3,21,"Evaluator 21",active,,21,19,
1,"Sep 29-Oct 5","Claims Exception Queue",3,22,"Evaluator 22",active,,22,19,
1,"Sep 29-Oct 5","Claims Exception Queue",3,23,"Evaluator 23",active,,23,23,
1,"Sep 29-Oct 5","Claims Exception Queue",3,24,"Evaluator 24",active,,24,23,
1,"Sep 29-Oct 5","Escalation Sweep - Weekend Priority",4,17,"Evaluator 17",active,,20,18,
1,"Sep 29-Oct 5","Escalation Sweep - Weekend Priority",4,18,"Evaluator 18",active,,21,18,
1,"Sep 29-Oct 5","Escalation Sweep - Weekend Priority",4,19,"Evaluator 19",active,,22,22,
1,"Sep 29-Oct 5","Escalation Sweep - Weekend Priority",4,20,"Evaluator 20",active,,23,22,
1,"Sep 29-Oct 5","Escalation Sweep - Weekend Priority",4,38,"Evaluator 38",active,,25,22,
1,"Sep 29-Oct 5","Legacy Escalation QA",5,1,"Evaluator 01",active,,22,20,
1,"Sep 29-Oct 5","Legacy Escalation QA",5,2,"Evaluator 02",active,,23,20,
1,"Sep 29-Oct 5","Legacy Escalation QA",5,3,"Evaluator 03",active,,24,24,
1,"Sep 29-Oct 5","Legacy Escalation QA",5,4,"Evaluator 04",active,,25,24,
1,"Sep 29-Oct 5","Mortgage Queue",6,5,"Evaluator 05",active,,23,21,
1,"Sep 29-Oct 5","Mortgage Queue",6,6,"Evaluator 06",active,,24,21,
1,"Sep 29-Oct 5","Mortgage Queue",6,7,"Evaluator 07",active,,25,25,
1,"Sep 29-Oct 5","Mortgage Queue",6,8,"Evaluator 08",active,,20,19,
1,"Sep 29-Oct 5","Mortgage Queue",6,37,"Evaluator 37",active,,24,22,
1,"Sep 29-Oct 5","Onboarding Calls QA",7,33,"Evaluator 33",active,,24,22,
1,"Sep 29-Oct 5","Onboarding Calls QA",7,34,"Evaluator 34",active,,25,22,
1,"Sep 29-Oct 5","Onboarding Calls QA",7,35,"Evaluator 35",active,,20,20,
1,"Sep 29-Oct 5","Onboarding Calls QA",7,36,"Evaluator 36",active,,21,20,
1,"Sep 29-Oct 5","Renewals - TL Review Batch",8,9,"Evaluator 09",active,,24,22,
1,"Sep 29-Oct 5","Renewals - TL Review Batch",8,10,"Evaluator 10",active,,25,22,
1,"Sep 29-Oct 5","Renewals - TL Review Batch",8,11,"Evaluator 11",active,,20,20,
1,"Sep 29-Oct 5","Renewals - TL Review Batch",8,12,"Evaluator 12",active,,21,20,
1,"Sep 29-Oct 5","Savings Product - QA Rotation",9,13,"Evaluator 13",active,,25,23,
1,"Sep 29-Oct 5","Savings Product - QA Rotation",9,14,"Evaluator 14",active,,20,17,
1,"Sep 29-Oct 5","Savings Product - QA Rotation",9,15,"Evaluator 15",active,,21,21,
1,"Sep 29-Oct 5","Savings Product - QA Rotation",9,16,"Evaluator 16",active,,22,21,
